Workbook

Sheet Data
A1: SubmissionID | B1: District | C1: Category | D1: TimeHorizon | E1: Goal | F1: Support | G1: Mode
A2: 1 | B2: D1 | C2: Homemaker | D2: 0-1 | E2: Income | F2: Training | G2: Offline
A3: 2 | B3: D1 | C3: Homemaker | D3: 0-1 | E3: Income | F3: Training | G3: Offline
A4: 3 | B4: D2 | C4: Entrepreneur | D4: 1-3 | E4: Business | F4: Loan | G4: Online
A5: 4 | B5: D2 | C5: Entrepreneur | D5: 3-5 | E5: Expansion | F5: Loan | G5: Online
A6: 5 | B6: D3 | C6: Farmer | D6: 0-1 | E6: Income | F6: Equipment | G6: Offline
A7: 6 | B7: D4 | C7: Differently-Abled | D7: 0-1 | E7: Income | F7: Training | G7: Offline
A8: 7 | B8: D5 | C8: Student | D8: 1-3 | E8: Education | F8: Training | G8: Online
A9: 8 | B9: D6 | C9: Homemaker | D9: 1-3 | E9: Stability | F9: Funding | G9: Offline
A10: 9 | B10: D7 | C10: Homemaker | D10: 3-5 | E10: Education | F10: Training | G10: Offline
A11: 10 | B11: D8 | C11: Homemaker | D11: 0-1 | E11: Income | F11: Training | G11: Online
A12: 11 | B12: D3 | C12: Farmer | D12: 1-3 | E12: Income | F12: Equipment | G12: Offline
A13: 12 | B13: D4 | C13: Differently-Abled | D13: 0-1 | E13: Income | F13: Training | G13: Offline

Sheet Calculations
A1: Metric | B1: Value | D1: Support | E1: Count | G1: Time | H1: Count | J1: District | K1: PriorityScore | M1: District | N1: IncomeInterest | P1: Support | Q1: Count | S1: Stage | T1: Count | V1: Mode | W1: Count
A2: Total Responses | B2: =COUNTA(Data!A2:A100) -> 12 | D2: Training | E2: =COUNTIF(Data!F:F,"Training") -> 7 | G2: 0-1 | H2: =COUNTIF(Data!D:D,"0-1") -> 6 | J2: D1 | K2: =COUNTIF(Data!B:B,"D1")*10 -> 20 | M2: D1 | N2: =COUNTIFS(Data!B:B,"D1",Data!E:E,"Income") -> 2 | P2: Training | Q2: =COUNTIF(Data!F:F,"Training") -> 7 | S2: Total | T2: =COUNTIFS(Data!E:E,"Income") -> 7 | V2: Offline | W2: =COUNTIF(Data!G:G,"Offline") -> 8
A3: Homemakers | B3: =COUNTIF(Data!C:C,"Homemaker") -> 5 | D3: Loan | E3: =COUNTIF(Data!F:F,"Loan") -> 2 | G3: 1-3 | H3: =COUNTIF(Data!D:D,"1-3") -> 4 | J3: D2 | K3: =COUNTIF(Data!B:B,"D2")*10 -> 20 | M3: D2 | N3: =COUNTIFS(Data!B:B,"D2",Data!E:E,"Income") -> 0 | P3: Loan | Q3: =COUNTIF(Data!F:F,"Loan") -> 2 | S3: Immediate Income Seekers | T3: =COUNTIFS( Data!E:E,"Income", Data!D:D,"0-1" ) -> 6 | V3: Online | W3: =COUNTIF(Data!G:G,"Online") -> 4
A4: Entrepreneurs | B4: =COUNTIF(Data!C:C,"Entrepreneur") -> 2 | D4: Equipment | E4: =COUNTIF(Data!F:F,"Equipment") -> 2 | G4: 3-5 | H4: =COUNTIF(Data!D:D,"3-5") -> 2 | J4: D3 | K4: =COUNTIF(Data!B:B,"D3")*10 -> 20 | M4: D3 | N4: =COUNTIFS(Data!B:B,"D3",Data!E:E,"Income") -> 2 | P4: Equipment | Q4: =COUNTIF(Data!F:F,"Equipment") -> 2 | S4: ShortTerm Income Seekers | T4: =COUNTIFS(Data!E:E,"Income",Data!D:D,"1-3") -> 1
A5: Farmers | B5: =COUNTIF(Data!C:C,"Farmer") -> 2 | D5: Funding | E5: =COUNTIF(Data!F:F,"Funding") -> 1 | J5: D4 | K5: =COUNTIF(Data!B:B,"D4")*10 -> 20 | M5: D4 | N5: =COUNTIFS(Data!B:B,"D4",Data!E:E,"Income") -> 2 | P5: Funding | Q5: =COUNTIF(Data!F:F,"Funding") -> 1 | S5: Long Term Income Seekers | T5: =COUNTIFS(Data!E:E,"Income",Data!D:D,"3-5") -> 0
A6: Differently-Abled | B6: =COUNTIF(Data!C:C,"Differently-Abled") -> 2 | J6: D5 | K6: =COUNTIF(Data!B:B,"D5")*10 -> 10 | M6: D5 | N6: =COUNTIFS(Data!B:B,"D5",Data!E:E,"Income") -> 0
J7: D6 | K7: =COUNTIF(Data!B:B,"D6")*10 -> 10 | M7: D6 | N7: =COUNTIFS(Data!B:B,"D6",Data!E:E,"Income") -> 0
J8: D7 | K8: =COUNTIF(Data!B:B,"D7")*10 -> 10 | M8: D7 | N8: =COUNTIFS(Data!B:B,"D7",Data!E:E,"Income") -> 0
J9: D8 | K9: =COUNTIF(Data!B:B,"D8")*10 -> 10 | M9: D8 | N9: =COUNTIFS(Data!B:B,"D8",Data!E:E,"Income") -> 1

Sheet FULL_12_CHART_DASHBOARD
A1: WOMEN EMPOWERMENT – GOVERNOR ONE SLIDE (12 CHART STORYBOARD)
A3: PROBLEM AREAS
A20: WHICH TO FOCUS
A37: NECESSARY STEPS TO BE TAKEN
